<?xml version="1.0" encoding="utf-8"?>
<extension version="2.5" type="plugin" group="content" method="upgrade">
	<name>Content - SimpleCaddy - Product Instance</name>
	<author>John Basevi</author>
	<creationDate>September 2013</creationDate>
	<authorEmail>henk@atlanticintelligence.net</authorEmail>
	<authorUrl>atlanticintelligence.net</authorUrl>
	<version>2.0.4-SC2.0-J2.5.x</version>
	<description><![CDATA[Product Instance data handler for SimpleCaddy 2.0]]></description>
	<files>
		<filename plugin="scproductinstance">scproductinstance.php</filename>
		<filename>index.html</filename>
	</files>
	<languages>
		<language tag="en-GB">en-GB.plg_content_scproductinstance.ini</language>
		<language tag="en-GB">en-GB.plg_content_scproductinstance.sys.ini</language>
	</languages>
	<config>
		<fields name="params">
			<fieldset name="SCPRODUCTINSTANCE_MAIN">
				<field name="scregistration" type="hidden" default="scproductinstance"></field>
			</fieldset>
		</fields>
	</config>
</extension>
