﻿<?xml version="1.0" ?>
<extension type="module" version="2.5.0" method="upgrade">
	<name>simplecaddy</name>
	<creationDate>16/01/2013</creationDate>
	<author>Henk von Pickartz</author>
	<copyright>This module is copyright Henk von Pickartz</copyright>
	<authorEmail>henk@atlanticintelligence.net</authorEmail>
	<authorUrl>atlanticintelligence.net</authorUrl>
	<version>2.0.0</version>
	<description>SimpleCaddy</description>
	<files>
		<filename module="mod_simplecaddy">mod_simplecaddy.php</filename>
	</files>

	<config>
		<fields name="params">
			<fieldset name="basic">
				<field name="moduleclass_sfx" type="text" default="" label="Module Class Suffix" description="A suffix to be applied to the css class of the module (table.moduletable), this allows individual module styling" />
				<field name="DisplayID" type="text" default="" label="ItemID" description="Allows for variable display of menus when displaying the cart" />
				<field name="nextcid" type="text" default="" label="nextCID" description="Content ID of the cart display" />
				<field name="productshow" type="list" default="0" label="Show product quantities" description="Show product quantities by number or by quantity totals" >
					<option value="0">By codes</option>
					<option value="1">By quantities</option>
				</field>
			</fieldset>
		</fields>
	</config>
</extension>

